"Dream","Meaning"
"Falling","Loss of control or feeling overwhelmed"
"Flying","Sense of freedom or empowerment"
"Being Chased","Fear of being pursued or overwhelmed"
"Teeth Falling Out","Fear of being found out or loss of confidence"
"Naked in Public","Fear of being exposed or vulnerable"
"Driving or Riding in a Car","Sense of control or direction in life"
"Taking a Test or Exam","Fear of being judged or evaluated"
"Eating or Food","Nourishment or satisfaction of emotional needs"
"Dying or Death","Transformation or change in life"
"Baby or Child","Innocence or vulnerability"
"House or Home","Sense of security or comfort"
"Water or Ocean","Emotional depth or subconscious"
"Fire or Flames","Passion or intense emotions"
"Snake or Spider","Fear or anxiety"
"Wedding or Marriage","Commitment or union"
"Money or Wealth","Success or financial security"
"Travel or Journey","Personal growth or exploration"
"Lost or Disoriented","Feeling uncertain or without direction"
"Meeting a Famous Person","Desire for recognition or admiration"
"Natural Disaster","Fear of chaos or loss of control"
"Being Attacked","Fear of being hurt or harmed"
"UFO or Alien","Fear of the unknown or unexplained"
"Ghost or Spirit","Fear of the supernatural or unknown"
"Wedding Dress or Ring","Commitment or union"
"Baby or Pregnancy","New life or creation"
"Food or Eating","Nourishment or satisfaction of emotional needs"
"Car or Vehicle","Sense of control or direction in life"
"House or Building","Sense of security or comfort"
"Water or Swimming","Emotional depth or subconscious"
"Fire or Burning","Passion or intense emotions"
"Snake or Reptile","Fear or anxiety"
"Wedding or Ceremony","Commitment or union"
"Money or Wealth","Success or financial security"
"Travel or Adventure","Personal growth or exploration"
"Lost or Confused","Feeling uncertain or without direction"
"Meeting a Celebrity","Desire for recognition or admiration"
"Natural Disaster","Fear of chaos or loss of control"
"Being Attacked","Fear of being hurt or harmed"
"UFO or Alien","Fear of the unknown or unexplained"
"Ghost or Spirit","Fear of the supernatural or unknown"
"Wedding Dress or Ring","Commitment or union"
"Baby or Pregnancy","New life or creation"
"Food or Eating","Nourishment or satisfaction of emotional needs"
"Car or Vehicle","Sense of control or direction in life"
"House or Building","Sense of security or comfort"
"Water or Swimming","Emotional depth or subconscious"
"Fire or Burning","Passion or intense emotions"
"Snake or Reptile","Fear or anxiety"
"Wedding or Ceremony","Commitment or union"
"Money or Wealth","Success or financial security"
"Travel or Adventure","Personal growth or exploration"
"Lost or Confused","Feeling uncertain or without direction"
"Meeting a Celebrity","Desire for recognition or admiration"
"Natural Disaster","Fear of chaos or loss of control"
"Being Attacked","Fear of being hurt or harmed"
"UFO or Alien","Fear of the unknown or unexplained"
"Ghost or Spirit","Fear of the supernatural or unknown"
"Wedding Dress or Ring","Commitment or union"
"Baby or Pregnancy","New life or creation"
"Food or Eating","Nourishment or satisfaction of emotional needs"
"Car or Vehicle","Sense of control or direction in life"
"House or Building","Sense of security or comfort"
"Water or Swimming","Emotional depth or subconscious"
"Fire or Burning","Passion or intense emotions"
"Snake or Reptile","Fear or anxiety"
"Wedding or Ceremony","Commitment or union"
"Money or Wealth","Success or financial security"
"Travel or Adventure","Personal growth or exploration"
"Lost or Confused","Feeling uncertain or without direction"
"Meeting a Celebrity","Desire for recognition or admiration"
"Natural Disaster","Fear of chaos or loss of control"
"Being Attacked","Fear of being hurt or harmed"
"UFO or Alien","Fear of the unknown or unexplained"
"Ghost or Spirit","Fear of the supernatural or unknown"
"Wedding Dress or Ring","Commitment or union"
"Baby or Pregnancy","New life or creation"
"Food or Eating","Nourishment or satisfaction of emotional needs"
"Car or Vehicle","Sense of control or direction in life"
"House or Building","Sense of security or comfort"
"Water or Swimming","Emotional depth or subconscious"
"Fire or Burning","Passion or intense emotions"
"Snake or Reptile","Fear or anxiety"
"Wedding or Ceremony","Commitment or union"
"Money or Wealth","Success or financial security"
"Travel or Adventure","Personal growth or exploration"
"Lost or Confused","Feeling uncertain or without direction"
"Meeting a Celebrity","Desire for recognition or admiration"
"Natural Disaster","Fear of chaos or loss of control"
"Being Attacked","Fear of being hurt or harmed"
"UFO or Alien","Fear of the unknown or unexplained"
"Ghost or Spirit","Fear of the supernatural or unknown"
"Wedding Dress or Ring","Commitment or union"
"Baby or Pregnancy","New life or creation"
"Food or Eating","Nourishment or satisfaction of emotional needs"
"Car or Vehicle","Sense of control or direction in life"
"House or Building","Sense of security or comfort"
"Water or Swimming","Emotional depth or subconscious"
"Fire or Burning","Passion or intense emotions"
"Snake or Reptile","Fear or anxiety"
"Wedding or Ceremony","Commitment or union"
"Money or Wealth","Success or financial security"
"Travel or Adventure","Personal growth or exploration"
"Lost or Confused","Feeling uncertain or without direction"
"Meeting a Celebrity","Desire for recognition or admiration"
"Natural Disaster","Fear of chaos or loss of control"
"Being Attacked","Fear of being hurt or harmed"
"UFO or Alien","Fear of the unknown or unexplained"
"Ghost or Spirit","Fear of the supernatural or unknown"
"Wedding Dress or Ring","Commitment or union"
"Baby or Pregnancy","New life or creation"
"Food or Eating","Nourishment or satisfaction of emotional needs"
"Car or Vehicle","Sense of control or direction in life"
"House or Building","Sense of security or comfort"
"Water or Swimming","Emotional depth or subconscious"
"Fire or Burning","Passion or intense emotions"
"Snake or Reptile","Fear or anxiety"
"Wedding or Ceremony","Commitment or union"
"Money or Wealth","Success or financial security"
"Travel or Adventure","Personal growth or exploration"
"Lost or Confused","Feeling uncertain or without direction"
"Meeting a Celebrity","Desire for recognition or admiration"
"Natural Disaster","Fear of chaos or loss of control"
"Being Attacked","Fear of being hurt or harmed"
"UFO or Alien","Fear of the unknown or unexplained"
"Ghost or Spirit","Fear of the supernatural or unknown"
"Wedding Dress or Ring","Commitment or union"
"Baby or Pregnancy","New life or creation"
"Food or Eating","Nourishment or satisfaction of emotional needs"
"Car or Vehicle","Sense of control or direction in life"
"House or Building","Sense of security or comfort"
"Water or Swimming","Emotional depth or subconscious"
"Fire or Burning","Passion or intense emotions"
"Snake or Reptile","Fear or anxiety"
"Wedding or Ceremony","Commitment or union"
"Money or Wealth","Success or financial security"
"Travel or Adventure","Personal growth or exploration"
"Lost or Confused","Feeling uncertain or without direction"
"Meeting a Celebrity","Desire for recognition or admiration"
"Natural Disaster","Fear of chaos or loss of control"
"Being Attacked","Fear of being hurt or harmed"
"UFO or Alien","Fear of the unknown or unexplained"
"Ghost or Spirit","Fear of the supernatural or unknown"
"Wedding Dress or Ring","Commitment or union"
"Baby or Pregnancy","New life or creation"
"Food or Eating","Nourishment or satisfaction of emotional needs"
"Car or Vehicle","Sense of control or direction in life"
"House or Building","Sense of security or comfort"
"Water or Swimming","Emotional depth or subconscious"
"Fire or Burning","Passion or intense emotions"
"Snake or Reptile","Fear or anxiety"
"Wedding or Ceremony","Commitment or union"
"Money or Wealth","Success or financial security"
"Travel or Adventure","Personal growth or exploration"
"Lost or Confused","Feeling uncertain or without direction"
"Meeting a Celebrity","Desire for recognition or admiration"
"Natural Disaster","Fear of chaos or loss of control"
"Being Attacked","Fear of being hurt or harmed"
"UFO or Alien","Fear of the unknown or unexplained"
"Ghost or Spirit","Fear of the supernatural or unknown"
"Wedding Dress or Ring","Commitment or union"
"Baby or Pregnancy","New life or creation"
"Food or Eating","Nourishment or satisfaction of emotional needs"
"Car or Vehicle","Sense of control or direction in life"
"House or Building","Sense of security or comfort"
"Water or Swimming","Emotional depth or subconscious"
"Fire or Burning","Passion or intense emotions"
"Snake or Reptile","Fear or anxiety"
"Wedding or Ceremony","Commitment or union"
"Money or Wealth","Success or financial security"
"Travel or Adventure","Personal growth or exploration"
"Lost or Confused","Feeling uncertain or without direction"
"Meeting a Celebrity","Desire for recognition or admiration"
"Natural Disaster","Fear of chaos or loss of control"
"Being Attacked","Fear of being hurt or harmed"
"UFO or Alien","Fear of the unknown or unexplained"
"Ghost or Spirit","Fear of the supernatural or unknown"